customer_id,full_name,email,phone,city,join_date
1,Wei Chin,wei.chin1@yahoo.com,012-2458591,Ampang,2021-04-02
2,Mei Tan,mei.tan2@yahoo.com,011-4335942,Shah Alam,2021-03-23
3,Yong Liew,yong.liew3@icloud.com,016-1109031,Ampang,2022-07-08
4,Ling Liew,ling.liew4@yahoo.com,014-6647119,Kajang,2021-07-23
5,Azman Ismail,azman.ismail5@icloud.com,016-1728977,Puchong,2021-12-05
6,Yong Ng,yong.ng6@icloud.com,016-7067228,Penang,2020-06-10
7,Jun Lim,jun.lim7@gmail.com,014-2694522,Ampang,2021-08-15
8,Faizal Karim,faizal.karim8@hotmail.com,017-4514944,Puchong,2020-11-29
9,Jun Yeoh,jun.yeoh9@yahoo.com,013-8755439,Cyberjaya,2022-12-29
10,Maisarah Karim,maisarah.karim10@hotmail.com,011-4842788,Kuantan,2021-03-25
11,Ravi Velayutham,ravi.velayutham11@yahoo.com,017-4567281,Cheras,2020-05-15
12,Wai Koh,wai.koh12@yahoo.com,014-5408072,Klang,2021-06-26
13,Li Heng,li.heng13@yahoo.com,013-9548432,Penang,2022-01-11
14,Ridhwan Rahman,ridhwan.rahman14@yahoo.com,018-2065818,Subang Jaya,2020-11-09
15,Nabilah Daud,nabilah.daud15@icloud.com,011-2921859,Melaka,2021-05-29
16,Yong Chin,yong.chin16@hotmail.com,018-3653446,Kajang,2020-08-16
17,Hana Zain,hana.zain17@yahoo.com,012-6007072,Cheras,2022-10-22
18,Ganesh Pillai,ganesh.pillai18@icloud.com,011-6438436,Puchong,2020-11-26
19,Nur Hamid,nur.hamid19@gmail.com,014-2321324,Kepong,2021-05-05
20,Norsyafiqah Ibrahim,norsyafiqah.ibrahim20@yahoo.com,019-3770370,Kuantan,2020-09-14
21,Aisyah Aziz,aisyah.aziz21@icloud.com,014-6229731,Ipoh,2021-03-09
22,Syazwani Karim,syazwani.karim22@icloud.com,019-3030113,Puchong,2022-06-16
23,Muhammad Kassim,muhammad.kassim23@icloud.com,014-4694634,Kuala Lumpur,2023-04-19
24,Fadzli Karim,fadzli.karim24@gmail.com,011-6543670,Petaling Jaya,2021-04-13
25,Aminah Othman,aminah.othman25@icloud.com,013-8930103,Seremban,2021-03-14
26,Norsyafiqah Noor,norsyafiqah.noor26@gmail.com,018-6944126,Putrajaya,2020-07-12
27,Faizal Zain,faizal.zain27@gmail.com,011-7754864,Petaling Jaya,2023-10-11
28,Xin Cheah,xin.cheah28@icloud.com,019-3351868,Putrajaya,2021-01-24
29,Hafizuddin Daud,hafizuddin.daud29@outlook.com,012-1848731,Ampang,2020-06-03
30,Yong Tan,yong.tan30@yahoo.com,018-9147706,Shah Alam,2021-04-29
31,Aisyah Rahim,aisyah.rahim31@outlook.com,011-7550190,Petaling Jaya,2020-12-03
32,Azizah Daud,azizah.daud32@icloud.com,019-3597059,Kepong,2022-05-16
33,Abdullah Rahman,abdullah.rahman33@gmail.com,017-1959074,Kota Kinabalu,2023-01-15
34,Norsyafiqah Ghani,norsyafiqah.ghani34@gmail.com,012-4117625,Melaka,2020-11-18
35,Muhammad Wahab,muhammad.wahab35@gmail.com,014-1666754,Ampang,2022-04-06
36,Li Heng,li.heng36@hotmail.com,016-4426900,Kota Kinabalu,2022-12-06
37,Siew Cheah,siew.cheah37@yahoo.com,016-8670955,Cheras,2022-03-21
38,Ridhwan Ibrahim,ridhwan.ibrahim38@icloud.com,012-2229110,Kuala Lumpur,2022-07-27
39,Khairul Othman,khairul.othman39@gmail.com,014-7199635,Klang,2021-12-15
40,Faizal Talib,faizal.talib40@icloud.com,011-6022741,Kepong,2023-06-06
41,Anitha Pillai,anitha.pillai41@gmail.com,013-5569244,Cheras,2020-08-24
42,Abdullah Rashid,abdullah.rashid42@hotmail.com,019-5213115,Kajang,2021-02-20
43,Priya Muthu,priya.muthu43@gmail.com,011-6596150,Ipoh,2021-07-20
44,Kok Yap,kok.yap44@outlook.com,011-2876932,Johor Bahru,2023-02-03
45,Zulkifli Rashid,zulkifli.rashid45@gmail.com,017-3484601,Klang,2023-01-22
46,Siti Idris,siti.idris46@hotmail.com,014-5186414,Puchong,2020-03-22
47,Chee Sim,chee.sim47@yahoo.com,014-3726327,Ipoh,2023-06-25
48,Meena Velayutham,meena.velayutham48@hotmail.com,018-5163555,Kuala Lumpur,2021-01-02
49,Azizah Rashid,azizah.rashid49@gmail.com,019-4731818,Subang Jaya,2022-02-22
50,Maisarah Daud,maisarah.daud50@yahoo.com,014-1397023,Puchong,2021-09-17
51,Wai Chan,wai.chan51@hotmail.com,017-9546409,Cheras,2020-05-22
52,Shahril Talib,shahril.talib52@gmail.com,016-3995870,Kajang,2020-02-26
53,Kok Lim,kok.lim53@outlook.com,017-6262632,Subang Jaya,2023-05-06
54,Khairul Ismail,khairul.ismail54@yahoo.com,016-1744682,Penang,2023-03-26
55,Wei Foo,wei.foo55@yahoo.com,017-8235969,Kuantan,2023-11-07
56,Syazwani Kassim,syazwani.kassim56@gmail.com,016-9508103,Kuching,2021-10-04
57,Rosnah Kassim,rosnah.kassim57@hotmail.com,013-4218542,Penang,2023-11-28
58,Azman Wahab,azman.wahab58@icloud.com,016-7812810,Cyberjaya,2023-06-14
59,Ahmad Idris,ahmad.idris59@outlook.com,017-8801207,Kepong,2021-03-06
60,Syazwani Bakar,syazwani.bakar60@yahoo.com,012-5761145,Melaka,2022-08-27
61,Izzat Aziz,izzat.aziz61@yahoo.com,016-4768844,Kajang,2020-07-10
62,Suresh Krishnan,suresh.krishnan62@outlook.com,012-8640615,Petaling Jaya,2021-05-16
63,Izzat Osman,izzat.osman63@outlook.com,019-7705062,Putrajaya,2023-11-27
64,Izzat Rashid,izzat.rashid64@outlook.com,014-3950888,Kuala Lumpur,2020-08-06
65,Arjun Krishnan,arjun.krishnan65@gmail.com,019-3237058,Kuantan,2021-05-25
66,Ravi Palanivel,ravi.palanivel66@icloud.com,018-8481188,Johor Bahru,2023-06-08
67,Shalini Govindasamy,shalini.govindasamy67@hotmail.com,019-5013879,Cheras,2021-05-21
68,Muhammad Rashid,muhammad.rashid68@hotmail.com,017-6363836,Kepong,2021-04-25
69,Kumar Pillai,kumar.pillai69@outlook.com,013-4589533,Klang,2021-04-18
70,Rosnah Kassim,rosnah.kassim70@outlook.com,011-4470105,Kuantan,2022-08-12
71,Selvam Palanivel,selvam.palanivel71@gmail.com,018-9002392,Kota Kinabalu,2023-11-25
72,Haslinda Idris,haslinda.idris72@icloud.com,014-9191131,Penang,2022-05-08
73,Rosnah Sulaiman,rosnah.sulaiman73@hotmail.com,018-3768991,Kuala Lumpur,2022-03-07
74,Suresh Rajendran,suresh.rajendran74@outlook.com,011-2408404,Kuantan,2020-02-25
75,Hui Koh,hui.koh75@hotmail.com,018-6492066,Cyberjaya,2020-04-12
76,Razif Kassim,razif.kassim76@outlook.com,016-2374158,Penang,2021-07-23
77,Hana Talib,hana.talib77@yahoo.com,012-1675419,Petaling Jaya,2021-12-17
78,Fang Lee,fang.lee78@yahoo.com,014-3117636,Kuala Lumpur,2023-06-26
79,Nur Osman,nur.osman79@hotmail.com,017-3815034,Putrajaya,2022-08-10
80,Xin Yap,xin.yap80@icloud.com,011-6233774,Kepong,2020-08-09
81,Wai Chong,wai.chong81@icloud.com,014-2709620,Putrajaya,2020-06-04
82,Beng Yeoh,beng.yeoh82@gmail.com,017-9937982,Subang Jaya,2023-03-05
83,Haslinda Ibrahim,haslinda.ibrahim83@hotmail.com,011-8047416,Melaka,2023-08-19
84,Anitha Velayutham,anitha.velayutham84@outlook.com,013-8306261,Puchong,2023-07-25
85,Khairul Karim,khairul.karim85@icloud.com,019-8799287,Cheras,2023-06-15
86,Hana Osman,hana.osman86@yahoo.com,012-5679639,Cheras,2021-10-22
87,Kavitha Palanivel,kavitha.palanivel87@icloud.com,018-6643798,Johor Bahru,2023-03-13
88,Aisyah Kassim,aisyah.kassim88@yahoo.com,017-5334434,Cyberjaya,2022-09-25
89,Zulkifli Aziz,zulkifli.aziz89@gmail.com,014-2436347,Cheras,2023-02-12
90,Rosnah Sulaiman,rosnah.sulaiman90@outlook.com,019-8519121,Kuantan,2021-05-07
91,Jun Goh,jun.goh91@yahoo.com,016-7191135,Ampang,2022-04-08
92,Khairul Hamid,khairul.hamid92@hotmail.com,017-8612582,Ipoh,2023-02-01
93,Hafizuddin Ali,hafizuddin.ali93@hotmail.com,012-9990305,Subang Jaya,2021-01-29
94,Meena Rajan,meena.rajan94@hotmail.com,016-2686548,Putrajaya,2022-09-18
95,Lakshmi Rajan,lakshmi.rajan95@hotmail.com,011-9961299,Puchong,2021-01-02
96,Siti Rahman,siti.rahman96@yahoo.com,019-2721135,Kuantan,2021-08-21
97,Lakshmi Govindasamy,lakshmi.govindasamy97@hotmail.com,013-1861958,Seremban,2022-06-21
98,Aisyah Sulaiman,aisyah.sulaiman98@outlook.com,019-2242892,Subang Jaya,2020-05-13
99,Mei Ong,mei.ong99@hotmail.com,012-5163953,Klang,2023-02-26
100,Ridhwan Noor,ridhwan.noor100@icloud.com,014-9767312,Kuching,2023-05-05
101,Maisarah Daud,maisarah.daud101@outlook.com,016-2010496,Kepong,2023-04-20
102,Xin Lee,xin.lee102@gmail.com,013-5024269,Putrajaya,2021-06-25
103,Muhammad Yusof,muhammad.yusof103@outlook.com,019-5886520,Kuala Lumpur,2022-04-16
104,Zainab Rashid,zainab.rashid104@outlook.com,012-4916201,Kepong,2023-12-10
105,Ganesh Velayutham,ganesh.velayutham105@yahoo.com,013-5456573,Subang Jaya,2023-01-20
106,Kumar Krishnan,kumar.krishnan106@icloud.com,016-8367772,Cyberjaya,2021-09-21
107,Fadzli Idris,fadzli.idris107@icloud.com,019-8344375,Penang,2021-07-11
108,Siti Noor,siti.noor108@hotmail.com,011-2532210,Kajang,2023-05-21
109,Syazwani Osman,syazwani.osman109@hotmail.com,011-3939212,Kota Kinabalu,2020-02-12
110,Izzat Daud,izzat.daud110@icloud.com,018-9249789,Cheras,2021-01-06
111,Shalini Subramaniam,shalini.subramaniam111@hotmail.com,012-3698193,Ipoh,2021-11-13
112,Fadzli Sulaiman,fadzli.sulaiman112@outlook.com,011-8630712,Kepong,2023-09-18
113,Hafizuddin Kassim,hafizuddin.kassim113@icloud.com,011-8750676,Subang Jaya,2022-04-07
114,Abdullah Ghani,abdullah.ghani114@outlook.com,019-1865901,Puchong,2023-06-29
115,Suraya Hassan,suraya.hassan115@outlook.com,012-1484348,Kepong,2022-06-16
116,Kavitha Balakrishnan,kavitha.balakrishnan116@icloud.com,011-7844947,Cyberjaya,2021-09-28
117,Shahril Ismail,shahril.ismail117@yahoo.com,019-5896624,Johor Bahru,2020-08-28
118,Hafizuddin Noor,hafizuddin.noor118@yahoo.com,019-3426689,Seremban,2022-08-25
119,Maisarah Aziz,maisarah.aziz119@gmail.com,016-7961578,Melaka,2020-10-06
120,Azizah Ghani,azizah.ghani120@hotmail.com,016-9214801,Cheras,2020-01-06
121,Arjun Munusamy,arjun.munusamy121@hotmail.com,018-8639414,Seremban,2021-12-07
122,Ganesh Balakrishnan,ganesh.balakrishnan122@outlook.com,014-7891662,Ampang,2023-03-17
123,Hana Sulaiman,hana.sulaiman123@yahoo.com,019-1621086,Penang,2022-03-01
124,Hafiz Kassim,hafiz.kassim124@gmail.com,019-1257489,Subang Jaya,2022-06-20
125,Li Ong,li.ong125@hotmail.com,017-7668663,Shah Alam,2022-08-19
126,Siew Sim,siew.sim126@outlook.com,011-2147909,Penang,2021-10-10
127,Syazwani Idris,syazwani.idris127@outlook.com,012-2686231,Ampang,2020-07-04
128,Fadzli Idris,fadzli.idris128@hotmail.com,011-5921894,Kuala Lumpur,2020-04-04
129,Rosnah Hassan,rosnah.hassan129@outlook.com,013-3851852,Ampang,2022-12-23
130,Nabilah Rahim,nabilah.rahim130@yahoo.com,019-3401116,Kuching,2023-10-31
131,Izzat Othman,izzat.othman131@gmail.com,019-5825658,Johor Bahru,2021-06-06
132,Ling Wong,ling.wong132@icloud.com,016-8118722,Johor Bahru,2021-12-08
133,Kian Goh,kian.goh133@outlook.com,012-4979651,Putrajaya,2022-02-26
134,Haslinda Osman,haslinda.osman134@hotmail.com,011-7640518,Kepong,2023-12-03
135,Hafiz Wahab,hafiz.wahab135@outlook.com,016-4860745,Petaling Jaya,2023-05-26
136,Chee Cheah,chee.cheah136@hotmail.com,013-2630140,Putrajaya,2023-06-25
137,Priya Nair,priya.nair137@icloud.com,017-3204724,Johor Bahru,2020-03-09
138,Zainab Kassim,zainab.kassim138@yahoo.com,013-7138070,Ipoh,2020-12-25
139,Maisarah Othman,maisarah.othman139@outlook.com,016-6682698,Cyberjaya,2021-06-10
140,Arjun Muthu,arjun.muthu140@outlook.com,017-2515030,Klang,2021-04-07
141,Wei Chin,wei.chin141@outlook.com,017-5398338,Kuantan,2020-09-10
142,Chee Ng,chee.ng142@gmail.com,017-4713925,Ampang,2022-08-23
143,Kian Goh,kian.goh143@yahoo.com,011-1624315,Ipoh,2020-08-26
144,Norsyafiqah Ismail,norsyafiqah.ismail144@icloud.com,013-7520395,Subang Jaya,2021-04-25
145,Syazwani Zain,syazwani.zain145@icloud.com,013-7960607,Kuantan,2022-05-08
146,Chong Yeoh,chong.yeoh146@gmail.com,017-4645180,Ipoh,2021-07-26
147,Aminah Hamid,aminah.hamid147@hotmail.com,017-2015861,Subang Jaya,2023-11-05
148,Abdullah Ismail,abdullah.ismail148@yahoo.com,011-1848566,Johor Bahru,2020-07-06
149,Fang Ong,fang.ong149@gmail.com,014-4623062,Kota Kinabalu,2021-02-24
150,Kavitha Subramaniam,kavitha.subramaniam150@gmail.com,016-3427461,Klang,2023-05-05
151,Vijay Palanivel,vijay.palanivel151@gmail.com,013-1249314,Cyberjaya,2020-08-13
152,Azizah Ali,azizah.ali152@gmail.com,013-5452128,Kota Kinabalu,2021-10-25
153,Hana Noor,hana.noor153@gmail.com,019-8520810,Melaka,2020-08-20
154,Pei Heng,pei.heng154@icloud.com,014-1727544,Subang Jaya,2022-07-14
155,Pei Goh,pei.goh155@gmail.com,011-9035982,Johor Bahru,2023-08-10
156,Nithya Sundaram,nithya.sundaram156@outlook.com,012-2355439,Subang Jaya,2022-10-01
157,Mohd Ibrahim,mohd.ibrahim157@icloud.com,017-7390515,Klang,2021-07-17
158,Lakshmi Govindasamy,lakshmi.govindasamy158@outlook.com,012-2919549,Melaka,2023-05-24
159,Ganesh Velayutham,ganesh.velayutham159@outlook.com,017-8608449,Johor Bahru,2021-04-12
160,Hana Ismail,hana.ismail160@hotmail.com,016-7279729,Kajang,2022-05-24
161,Shalini Muthu,shalini.muthu161@gmail.com,018-2620082,Shah Alam,2020-06-23
162,Chee Ong,chee.ong162@icloud.com,017-3050700,Kuantan,2020-05-02
163,Aisyah Wahab,aisyah.wahab163@hotmail.com,016-6899644,Ipoh,2020-04-15
164,Khairul Bakar,khairul.bakar164@outlook.com,014-2815603,Klang,2023-09-06
165,Suraya Hamid,suraya.hamid165@icloud.com,014-8199311,Subang Jaya,2021-07-24
166,Rajesh Rajendran,rajesh.rajendran166@yahoo.com,016-6183902,Cheras,2020-02-29
167,Deepa Krishnan,deepa.krishnan167@icloud.com,018-2167449,Cyberjaya,2020-10-20
168,Izzat Abdullah,izzat.abdullah168@yahoo.com,018-8043620,Shah Alam,2022-12-22
169,Fatimah Hamid,fatimah.hamid169@icloud.com,012-1882629,Kepong,2021-10-26
170,Ridhwan Aziz,ridhwan.aziz170@gmail.com,016-8434202,Petaling Jaya,2023-10-12
171,Chong Yeoh,chong.yeoh171@hotmail.com,014-9595744,Johor Bahru,2022-04-28
172,Rosnah Ismail,rosnah.ismail172@icloud.com,019-9840487,Kepong,2023-10-20
173,Mei Cheah,mei.cheah173@gmail.com,011-4429650,Penang,2023-05-12
174,Abdullah Ariffin,abdullah.ariffin174@hotmail.com,017-3013003,Klang,2021-06-07
175,Hana Noor,hana.noor175@outlook.com,014-9393009,Cyberjaya,2020-09-21
176,Chee Wong,chee.wong176@outlook.com,011-8713396,Penang,2020-03-27
177,Ravi Rajendran,ravi.rajendran177@outlook.com,018-5857259,Ipoh,2023-03-20
178,Ahmad Kassim,ahmad.kassim178@outlook.com,017-2478574,Cyberjaya,2023-06-19
179,Nur Ali,nur.ali179@outlook.com,012-7639863,Ipoh,2023-04-21
180,Ravi Rajan,ravi.rajan180@gmail.com,012-9902071,Kajang,2020-12-10
181,Zulkifli Ariffin,zulkifli.ariffin181@yahoo.com,014-2724773,Puchong,2021-12-20
182,Abdullah Yusof,abdullah.yusof182@gmail.com,013-9289908,Kuching,2020-11-09
183,Hafiz Ariffin,hafiz.ariffin183@icloud.com,017-6303930,Kota Kinabalu,2022-07-08
184,Muhammad Sulaiman,muhammad.sulaiman184@hotmail.com,016-1942411,Johor Bahru,2023-07-17
185,Muhammad Idris,muhammad.idris185@gmail.com,011-7186390,Johor Bahru,2022-07-14
186,Kumar Sundaram,kumar.sundaram186@icloud.com,018-8763013,Shah Alam,2023-06-13
187,Mei Koh,mei.koh187@yahoo.com,017-8979730,Kota Kinabalu,2023-08-27
188,Siti Daud,siti.daud188@gmail.com,013-1656695,Subang Jaya,2021-12-04
189,Faizal Daud,faizal.daud189@icloud.com,013-7105194,Melaka,2022-12-06
190,Zainab Rahim,zainab.rahim190@icloud.com,011-6614484,Ipoh,2021-11-23
191,Nur Talib,nur.talib191@hotmail.com,013-6592886,Penang,2021-08-04
192,Syazwani Hassan,syazwani.hassan192@outlook.com,013-2421349,Puchong,2021-09-27
193,Azman Karim,azman.karim193@icloud.com,012-8103580,Kajang,2020-09-18
194,Ahmad Hamid,ahmad.hamid194@yahoo.com,017-9158272,Kepong,2021-01-04
195,Mohd Hassan,mohd.hassan195@gmail.com,011-6649968,Shah Alam,2021-08-28
196,Suresh Rajendran,suresh.rajendran196@yahoo.com,013-3777286,Penang,2020-11-11
197,Mei Liew,mei.liew197@yahoo.com,019-5780297,Puchong,2023-10-17
198,Kian Cheah,kian.cheah198@hotmail.com,019-4255051,Kuantan,2021-05-04
199,Hafiz Daud,hafiz.daud199@outlook.com,018-3718884,Johor Bahru,2021-07-31
200,Suresh Nair,suresh.nair200@outlook.com,017-2721170,Petaling Jaya,2023-08-06
